RMSE,MAE,R2
614.6884605783544,360.55670321624365,0.057855863768991656
