RMSE,MAE,R2
484.5527754910612,289.3739184022421,0.4145505531711692
