RMSE,MAE,R2
542.3492667273748,318.3462512231832,0.26655873010963804
