RMSE,MAE,R2
479.9869504322103,289.2873872078663,0.42553167261907643
