RMSE,MAE,R2
577.0873628271809,334.2911747838179,0.16959423180949507
