RMSE,MAE,R2
541.6898498626821,326.32815227159733,0.2683411590815462
