RMSE,MAE,R2
615.2379342172432,360.66066431627183,0.05617073453616994
