Overall_R2,Overall_RMSE,Overall_MAE
0.6817094974176794,355.78583026799674,227.71288952799048
