dataset,R2,RMSE,MAE
all_data,0.04436307149193397,546.541825426772,321.6289716877132
