Overall_R2,Overall_RMSE,Overall_MAE
0.6564210428137836,369.6494686362779,228.1520296214558
