Overall_R2,Overall_RMSE,Overall_MAE
0.6345740055473965,381.220745576406,239.66862581158105
