dataset,R2,RMSE,MAE
all_data,0.04987763087557673,628.5184617484858,376.1583007323713
