Overall_R2,Overall_RMSE,Overall_MAE
0.701142190873473,344.75383970324935,217.90761259860594
