Overall_R2,Overall_RMSE,Overall_MAE
0.865771055306612,231.57081566310126,119.56270191637522
