Overall_R2,Overall_RMSE,Overall_MAE
0.7679288832888252,303.95748131507344,160.90148359940343
