Overall_R2,Overall_RMSE,Overall_MAE
0.8203804171169613,267.4109167613082,155.6550650274824
