Overall_R2,Overall_RMSE,Overall_MAE
0.725761197862183,330.42031642323434,182.82838970747346
