Overall_R2,Overall_RMSE,Overall_MAE
0.8462007070320982,247.44544324950468,131.535545913365
