Overall_R2,Overall_RMSE,Overall_MAE
0.7591496664948253,309.4969292904752,179.65440627664722
