Overall_R2,Overall_RMSE,Overall_MAE
0.806352992852007,277.516054929195,159.0866747127012
