Overall_R2,Overall_RMSE,Overall_MAE
0.7744006005711082,299.5378360899161,159.4210136961308
