Overall_R2,Overall_RMSE,Overall_MAE
0.8527491523352929,241.99791278064745,129.64128504073255
